Delo,2011-08-12 10:53:00,Scrum master,0 - 6 months,1 - 2,4,3,3,4,4,4,3,4,4,,3,3,4,4,3,4,2,5,2,4,3,2,2,,"inkrementalni razvoj, sprinti, razbijte projekta na uporabniške zgodbe",način ocenjevanja zahtevnosti naloge,NULL,,5,5,3,5,4,4,5,3,4,3,2,4,,2,4,3,2,2,2,4,5,5,5,4,5,4,5,5,4,4,5
Delo,2011-12-28 12:49:00,Developer,0 - 6 months,1 - 2,5,4,4,5,4,4,5,5,4,,4,5,3,4,3,3,5,5,4,3,3,3,2,,Fleksibilnost.,"Tako kot velja za čisto vse sisteme: sistem sam nič ne pomaga, če se ga ne držiš.",NULL,,5,3,5,5,4,5,3,5,4,4,4,2,,2,5,1,4,4,4,5,3,3,4,2,4,2,4,4,4,3,4
Delo,2011-07-19 12:37:00,Scrum master,0 - 6 months,1 - 2,5,3,5,4,4,4,4,4,5,,2,5,4,5,3,2,3,3,4,3,4,4,3,,"Agilnost, komuniciranje, sprotno testiranje....","Trenutno je še nisem našel. Se bo pa hitro kaj sfižilo, če se ne bomo dosledno držali vseh njenih načel in usmeritev - predvsem testiranja s strani Product Ownerja. Ko bomo v produkciji, bo že prepozno.",NULL,,4,5,4,5,4,3,4,5,3,3,1,3,,3,1,1,1,1,1,1,1,1,1,1,1,1,1,1,1,1,1
Delo,2011-08-18 22:22:00,Scrum master,0 - 6 months,1 - 2,4,4,4,5,4,3,2,5,4,,2,5,3,5,3,2,4,5,4,4,4,4,3,,Komunikacija med vsemi člani projektne ekipe. Zgodnja detekcija problemov. Hitro ukrepanje.,"Če ji ne slediš dosledno, lahko hitro nastane kaos. Ker ni točnih specifikacij (vse je odvisno od sprotnih uporabniških zgodb), se podrobnosti razkrijejo šele kasneje. Če se zamenja ekipa (ključni razvijalci), bo potrebno ogromno napora za ponovno normalno vzpostavitev projekta.",NULL,,4,5,5,4,4,3,5,5,4,4,1,3,,3,1,1,1,1,1,1,1,1,1,1,1,1,1,1,1,1,1
Delo,2011-06-02 22:02:00,Developer,0 - 6 months,1 - 2,5,5,4,5,4,3,4,3,4,,2,5,3,4,4,3,4,5,5,5,5,5,3,,Fleksibilnost.,Velika odvisnost od PO.,NULL,,5,4,5,4,3,3,3,4,4,4,4,2,,3,4,3,5,3,4,4,4,3,4,3,4,4,2,5,4,4,4
Delo,2011-08-09 09:27:00,Developer,0 - 6 months,1 - 2,4,5,3,3,4,4,5,4,5,,4,5,3,4,2,2,3,4,4,4,4,4,3,,,,NULL,,4,4,1,5,3,4,4,5,4,4,3,2,,3,4,3,5,4,4,3,4,4,4,4,4,5,5,3,4,4,4
Delo,2011-06-03 15:00:00,Developer,0 - 6 months,1 - 2,5,5,4,5,5,5,4,4,5,,4,3,3,5,4,2,2,4,4,5,4,5,3,,"""Sili"" v pogostejšo komunikacijo med udeleženci na projektu. Ker je razvojni proces razdeljen na sprinte in dalje na uporabniške zgodbe, ki so manjšega obsega in jih je lažje uresničit, daje   razvijalcem in naročniku občutek, da se projekt neprestano ""premika naprej"".","Predpostavka, da bo naročnik znal in hotel ustrezno (dovolj natančno) določiti uporabniške zgodbe in njihove sprejemne teste.",NULL,,4,5,2,4,3,4,5,4,3,4,2,3,,3,5,5,4,3,3,2,4,4,4,3,3,3,4,5,5,5,5
Delo,2011-06-30 10:15:00,Developer,0 - 6 months,1 - 2,5,5,5,5,4,4,5,5,4,,4,4,5,5,3,3,3,3,2,5,4,4,3,,,,NULL,,3,4,4,4,5,4,3,3,3,4,2,3,,3,4,4,5,4,4,4,2,2,3,5,4,4,4,4,4,4,3
Delo,2011-10-19 19:52:00,Developer,0 - 6 months,1 - 2,5,3,2,3,4,4,5,3,2,,4,4,3,5,4,2,4,4,4,3,2,2,3,,,,NULL,,5,3,4,5,3,4,3,3,2,4,4,3,,3,4,4,3,3,3,4,3,5,5,3,5,4,5,4,2,3,4
Delo,2011-08-12 09:39:00,Product owner,0 - 6 months,1 - 2,4,5,5,4,5,3,3,4,4,,4,4,4,5,4,4,3,4,3,3,3,3,3,,"odsotnost špeha produktne specifikacije; prihranek časa, ker se tega špeha ne piše; fleksibilnejše načrtovanje, manj nesporazumov, večja verjetnost, da bo končni izdelek ustrezal predstavam in željam naročnika",težko definirati celoten obseg projekta in ga finančno ovrednotiti ,NULL,,5,3,5,5,5,4,4,4,4,5,3,3,,3,1,1,1,1,1,1,1,1,1,1,1,1,1,1,1,1,1
Delo,2011-10-05 18:29:00,Developer,0 - 6 months,1 - 2,5,4,4,5,4,3,5,4,4,,4,5,5,5,4,4,5,5,5,4,4,4,3,,,Med razvijalci in naročniki mora biti zelo razčiščen odnos in veliko zaupanja.,NULL,,5,4,5,4,5,4,3,5,4,5,4,3,,3,4,2,4,3,3,5,5,5,5,5,5,4,3,5,4,4,5
Delo,2011-10-11 07:50:00,Scrum master,0 - 6 months,1 - 2,3,3,3,4,2,3,3,4,3,,3,5,4,5,4,4,3,5,4,5,1,4,4,,- Jasen sproten vpogled v napredek (ali nenapredek) projekta,"- Če Product Owner vestno in odgovorno SPROTNO NE testira produkta, bo šel projekt 100% po gobe. Trditev je sicer zelo odvisna od odgovornosti samih razvijalcev, ki sami v veliki meri lahko poskrbijo za zaključene KVALITETNE dele produkta (sprejete story-je), težko pa vplivajo in imajo vpogled na celoto, ki je na koncu KLJUČNA za prehod v produkcijo.
- Počasi sem začel dvomiti v to, da je metoda učinkovita pri večjih in kompleksnih projektih (tale naš je po mojem mnenju ravno nekje na meji - 5 razvijalcev)",NULL,,4,5,5,4,4,2,3,5,4,2,3,3,,4,1,1,1,1,1,1,1,1,1,1,1,1,1,1,1,1,1
Delo,2011-12-28 13:40:00,Product owner,0 - 6 months,1 - 2,3,5,4,5,5,3,4,4,4,,4,5,5,5,4,3,4,3,3,4,3,3,4,,"boljša komunikacija, bolj obvladljiv projekt, načeloma hitrejše delo, optimizacija resursov","časovnica je precej nepredvidljiva, če se narobe oceni obseg posameznih zgodb; zaradi sprotne in neprestane vpletenosti vseh članov ekipe lahko ob izpadu (bolezen) bolj trpi projekt, ker na začetku ne razpolagaš z vsemi zahtevami in specifikacijami, tudi ne moreš natančno oceniti vrednosti projekta (lahko se hitro zakalkuliraš)",NULL,,5,4,5,5,4,4,5,5,4,4,4,4,,NULL,NULL,NULL,NULL,NULL,NULL,NULL,NULL,NULL,NULL,NULL,NULL,NULL,NULL,NULL,NULL,NULL,NULL
Delo,2011-10-19 18:21:00,Developer,0 - 6 months,1 - 2,5,4,3,3,4,3,4,4,4,,4,5,4,3,4,4,3,4,4,4,3,4,4,,Majhne obvladljive enote in občutek napredka ob zaključkih sprintov.,.,NULL,,4,3,4,4,5,3,5,4,3,4,3,4,,4,3,4,4,4,1,3,4,3,3,1,4,4,4,4,4,4,4
Delo,2011-06-03 12:15:00,Product owner,0 - 6 months,1 - 2,4,5,5,5,4,4,4,5,5,,5,5,5,5,4,4,3,3,4,4,3,3,4,,"obvladljivost materije, možnost lažjega načrtovanja dela, optimizacija časa, ki ga je potrebno vložiti v projekt, boljša komunikacija pri načrtovanju, lažja sledljivost zahtev in njihove realizacije, možnost sprotnega feedbacka in prilagajanja  ",težko je definirati končni obseg stroškov in porabljenega časa,NULL,,4,5,5,5,5,4,3,4,5,4,4,3,,4,1,1,1,1,1,1,1,1,1,1,1,1,1,1,1,1,1
Delo,2011-09-29 09:41:00,Developer,0 - 6 months,1 - 2,5,5,5,5,5,5,5,5,5,,5,4,5,5,5,5,3,4,5,3,5,5,4,,Dober vpogled v sam potek dela in razvijanja projekta,,NULL,,5,5,4,4,4,3,4,4,4,4,5,5,,4,5,4,5,4,4,4,4,4,5,5,5,5,4,5,5,5,5
Delo,2011-08-12 07:05:00,Developer,0 - 6 months,1 - 2,5,5,5,5,5,5,5,5,5,,4,4,5,5,3,3,3,4,3,4,5,5,5,,,,NULL,,3,5,3,4,3,5,3,5,4,3,3,3,,5,5,5,4,4,4,4,3,4,4,4,5,5,4,5,4,4,4
Delo,2011-08-12 10:12:00,Scrum master,0 - 6 months,1 - 2,5,4,3,5,4,4,5,5,5,,5,5,4,5,4,5,3,4,3,5,5,3,5,,"Izboljšanje komunikacije, vpogled v potek projekta in njegovo obsežnost s strani naročnika, povezanost dela razvojne ekipe in lažje balansiranje med pričakovanji naročnika in konkretno izvedenim.","Kljub vsem prednostim uporabniških zgodb, te povzročijo razdrobljenost projekta, product owner lahko ima občutek, da se ni potrebno o ničemer dokončno odločiti , ker je vse ""agilno"", da so mogoči neskončni popravki.",NULL,,4,4,4,3,5,4,3,5,2,3,4,3,,5,1,1,1,1,1,1,1,1,1,1,1,1,1,1,1,1,1
Delo,2011-10-07 16:04:00,Product owner,0 - 6 months,1 - 2,5,5,5,5,4,3,3,4,4,,4,5,4,5,4,3,3,3,3,3,4,4,5,,"lažja komunikacija, hitrejše delo, obvladljivi segmenti","open end, včasih naročnik in izvajalci nimajo identične predstave o kakšnem tasku, težko planirati stroške, pomanjkljivost pa je tudi v tem, da se predpostavlja skoraj 100 % dediciranost projektu, kar pomeni problem za product ownerje, ki imajo premalo časa in niso dedicirani izključno na projekt",NULL,,3,3,4,5,5,4,5,4,3,4,4,4,,5,1,1,1,1,1,1,1,1,1,1,1,1,1,1,1,1,1
Delo,2011-10-20 13:21:00,Scrum master,0 - 6 months,1 - 2,4,2,3,5,5,5,5,5,4,,5,5,4,5,5,3,5,5,4,5,5,4,5,,Tesno sodelovanje med naročnikom in razvojno ekipo ves čas trajanja projekta.,"Razdrobljenost na zgodbe, nad katerimi je včasih težko držati jasen pregled.",NULL,,4,5,5,5,4,3,4,5,3,4,5,3,,5,1,1,1,1,1,1,1,1,1,1,1,1,1,1,1,1,1
Delo,2012-01-03 14:25:00,Scrum master,0 - 6 months,1 - 2,4,3,3,5,5,5,5,5,5,,5,5,4,5,5,3,4,5,5,5,5,5,5,,"Komunikacija znotraj razvojne ekipe, obvladljivost večjih razvojnih projektov v obliki uporabniških zgodb, komunikacija s product ownerjem.","Naročnik ima zlahka lažen občutek, da nobena odločitev ne rabi biti dokončna, mnoštvo uporabniških zgodb včasih zamegli sliko celotne funkcionalnosti, razvojna ekipa lahko zgubi zagon, če se zdi, da se product backlog samo polni in polni in release date posledično odmika.",NULL,,4,4,5,4,4,5,2,3,3,4,5,2,,NULL,NULL,NULL,NULL,NULL,NULL,NULL,NULL,NULL,NULL,NULL,NULL,NULL,NULL,NULL,NULL,NULL,NULL
Delo,2011-06-30 10:45:00,Scrum master,0 - 6 months,1 - 2,5,4,4,5,4,5,4,5,5,,5,5,4,5,4,3,3,4,5,5,4,5,5,,Tesno sodelovanje med naročnikom in razvojno ekipo z jasnim vplogledom obojih v potek projekta.,"Projekt lahko postane neobvadljivo razdrobljen, izgubi se lahko slika celote končnega produkta.",NULL,,3,4,5,3,5,5,3,5,1,4,3,3,,5,1,1,1,1,1,1,1,1,1,1,1,1,1,1,1,1,1
Delo,2012-01-05 10:22:00,Developer,0 - 6 months,1 - 2,5,4,5,4,5,4,4,4,4,,4,4,4,5,4,3,4,4,3,5,4,4,5,,vodenje projekta ima glavo in rep za vsak del projekta kot tudi celoto,pocasna realizacija,NULL,,5,5,4,4,5,5,4,4,5,5,4,4,,5,4,4,2,2,3,4,2,4,4,3,3,4,4,5,5,4,3
Delo,2012-01-04 10:02:00,Developer,0 - 6 months,1 - 2,5,4,4,4,4,3,4,4,4,,5,5,4,4,5,5,4,4,3,5,4,4,5,,Majhni in obvladljivi sklopi projekta.,Potrebna je dokajšnja mera avtodiscipline.,NULL,,4,3,4,4,4,4,5,5,4,5,3,4,,5,4,4,5,4,4,3,4,4,3,4,4,4,4,5,4,4,4
Blog,2011-11-19 00:35:41,Developer,13 - 24 months,1 - 2,3,2,4,4,2,1,4,3,3,,5,5,3,5,5,5,1,2,5,5,3,5,3,,"Good communication inside the team, and between the team and other stakeholders.",Makes high level planning across sprints hard. Focus on user requirements makes technical planning difficult. Concept of velocity is too easily misunderstood.,only on some of them,"It's good for new development, but poor when bugs and support tasks are mixed in.",2,3,5,5,4,3,2,4,2,2,4,1,,NULL,NULL,NULL,NULL,NULL,NULL,NULL,NULL,NULL,NULL,NULL,NULL,NULL,NULL,NULL,NULL,NULL,NULL
Scrum development mailing list,2011-11-27 16:50:55,Scrum master,more than 24 months,more than 5,5,2,4,4,4,4,5,5,5,,5,5,5,5,5,5,3,5,5,3,5,5,5,,identify obstacles,on time attendance,only on some of them,Depends upon the project.,4,4,5,4,4,4,4,3,2,2,4,2,,NULL,NULL,NULL,NULL,NULL,NULL,NULL,NULL,NULL,NULL,NULL,NULL,NULL,NULL,NULL,NULL,NULL,NULL
Skram.si,2011-11-02 09:15:50,Product owner,7 - 12 months,1 - 2,5,4,3,4,3,3,5,4,3,,3,5,4,4,4,3,3,3,2,4,5,2,2,,sprotno pregledovanje deliverablov  komunikacija,"ni primerna za zahtevnejse projekte, kjer ne more vsak delati vse, ampak rabis dolocene stvari vnaprej (arhitekturo in dizajn)  ne mores dobro utilizirat manj izkusenih posameznikov",only on some of them,ker omogoca fleksibilnost in so spremembe manj bolece oz. te na njih pripravi,3,4,5,5,5,3,2,4,2,2,5,3,,NULL,NULL,NULL,NULL,NULL,NULL,NULL,NULL,NULL,NULL,NULL,NULL,NULL,NULL,NULL,NULL,NULL,NULL
Skram.si,2011-10-25 08:00:08,Product owner,0 - 6 months,1 - 2,4,4,4,3,5,3,4,3,3,,3,5,4,5,4,4,4,4,3,4,5,3,4,,- sprotna predstavitev narocniku  - boljsa preglednost aktivnosti posameznika v primeru vec ljudi na projektu (20),,yes,Izkazalo se je kot dobra praksa. Predvsem pri projektih kjer na zacetku nismo imeli requirementov.,4,5,5,4,4,5,5,5,5,3,2,1,,NULL,NULL,NULL,NULL,NULL,NULL,NULL,NULL,NULL,NULL,NULL,NULL,NULL,NULL,NULL,NULL,NULL,NULL
Skram.si,2011-11-14 22:36:34,Scrum master,more than 24 months,more than 5,5,4,4,5,5,3,4,5,5,"Tezko je reci, da narocnik dobi dogovorjeno funkcionalnost v roku - ta je namrec fleksibilna in dopolnjujoca in se sproti prilagaja situaciji v projeku.",3,5,4,5,2,2,3,5,4,3,5,5,3,,"Izboljsana komunikacija v timu (vkljucujoc stranko), osredotocenost na produkte, ki so pomembni (koda pred dokumentacijo)","Preohlapnost - metoda definira dolocene vidike vodenja projekta, ostale vidike vsakodnevnega dela pa ne doloca. To izgleda kot prednost, a se v praksi izkaze za problem, ker dovoljuje rabo starih orodij in pristopov. Slednji potem zacnejo potiskati tim nazaj k tradicionalnim metodam.",yes,"Ker je tako povecana produktivnost v timu in se clani tima dejansko lahko osredotocajo na delo, ki ga obvladajo (programiranje), namesto na druge stvari (prodaja idej stranki, predstavitve, diagrami razlicnih vidikov stranke, itd.)",3,4,5,5,4,3,5,5,5,3,1,3,,NULL,NULL,NULL,NULL,NULL,NULL,NULL,NULL,NULL,NULL,NULL,NULL,NULL,NULL,NULL,NULL,NULL,NULL
Skram.si,2011-11-05 10:41:40,Developer,I have not used it yet,0,5,5,3,4,5,4,4,4,3,,4,5,4,5,4,3,5,4,4,5,5,4,3,,Prilagodljivost izvedbe/funkcionalnosti dejanskemu poteku in potrebam.,Na dolgi rok je težko napovedati celoten obseg stroškov,yes,"Ker verjamem, da na ta način pridobita izvajalec in naročnik",3,3,4,4,5,4,5,4,3,3,2,1,,NULL,NULL,NULL,NULL,NULL,NULL,NULL,NULL,NULL,NULL,NULL,NULL,NULL,NULL,NULL,NULL,NULL,NULL
Skram.si,2011-10-23 21:24:52,Scrum master,more than 24 months,more than 5,5,3,4,5,5,4,4,4,3,,4,5,4,5,3,3,3,4,4,5,3,2,4,,Možnost sprotnega prilagajanja,Ni vpogleda v celotni projekt. Priporočam vpeljavo delov Lean metode,yes,"Ker se splača, ker zadeve res delujejo",3,3,5,4,5,4,5,5,5,3,2,2,,NULL,NULL,NULL,NULL,NULL,NULL,NULL,NULL,NULL,NULL,NULL,NULL,NULL,NULL,NULL,NULL,NULL,NULL
Skram.si,2011-11-02 15:29:22,Product owner,more than 24 months,more than 5,5,5,3,5,4,4,5,4,4,,4,5,3,5,2,2,2,5,5,5,5,5,2,,"hiter razvoj funkcionalnosti, agilnost razvoja, sledenje naročniku....",,yes,SCRUM nam omogoča hitro prilagajanje željam naročnikov.,3,5,3,3,5,5,5,3,5,3,2,2,,NULL,NULL,NULL,NULL,NULL,NULL,NULL,NULL,NULL,NULL,NULL,NULL,NULL,NULL,NULL,NULL,NULL,NULL
Blog,2011-11-19 09:44:21,Scrum master,0 - 6 months,1 - 2,4,5,4,4,3,3,4,3,2,,5,5,5,5,2,3,2,5,5,3,5,5,5,,progress is constantly made and is visible  easy to adapt to changing requirements,meeting and planning overhead,yes,given by the company proecess,3,5,5,5,5,4,2,4,4,3,3,1,,NULL,NULL,NULL,NULL,NULL,NULL,NULL,NULL,NULL,NULL,NULL,NULL,NULL,NULL,NULL,NULL,NULL,NULL
Blog,2011-11-19 01:41:12,Developer,13 - 24 months,1 - 2,4,4,3,4,4,4,4,3,3,,5,5,5,5,1,3,2,5,5,3,5,5,5,,,,yes,,2,4,4,5,4,3,4,2,4,3,2,2,,NULL,NULL,NULL,NULL,NULL,NULL,NULL,NULL,NULL,NULL,NULL,NULL,NULL,NULL,NULL,NULL,NULL,NULL
Blog,2011-11-19 09:12:28,Developer,13 - 24 months,3 - 5,4,5,3,4,4,3,5,4,4,,5,5,5,5,5,5,3,5,3,5,5,5,2,,You end product is something that works as you want instead of works as designed.,"If client does not totally grasp all the aspects of scrum, he might feel like he's getting less (as not all stories will always be fulfilled)",yes,It's working together with the client instead of constant negotiating,2,5,4,4,5,5,2,5,3,3,4,1,,NULL,NULL,NULL,NULL,NULL,NULL,NULL,NULL,NULL,NULL,NULL,NULL,NULL,NULL,NULL,NULL,NULL,NULL
Blog,2011-11-21 19:43:51,Developer,13 - 24 months,1 - 2,4,4,4,3,3,2,4,4,4,,5,5,3,5,2,3,3,3,2,3,5,5,3,,flexible,,yes,more successful then the tried alternatives,4,4,4,4,4,3,2,5,2,3,4,2,,NULL,NULL,NULL,NULL,NULL,NULL,NULL,NULL,NULL,NULL,NULL,NULL,NULL,NULL,NULL,NULL,NULL,NULL
Scrum development mailing list,2011-11-28 11:20:00,Scrum master,0 - 6 months,1 - 2,4,4,3,3,3,4,3,4,3,,5,5,5,5,5,3,5,5,5,5,5,5,3,,"Visibility of work is being done or not, and the issues faced to do not deliver parts as expected.",Some formalities take more time than expected,yes,To avoid bad surprises when going to the integrated tests....,4,3,5,4,4,4,3,4,4,3,3,3,,NULL,NULL,NULL,NULL,NULL,NULL,NULL,NULL,NULL,NULL,NULL,NULL,NULL,NULL,NULL,NULL,NULL,NULL
Skram.si,2011-10-27 06:04:23,Scrum master,13 - 24 months,1 - 2,5,5,4,4,4,5,5,4,3,,3,4,4,5,3,1,2,2,3,2,4,1,1,,(1) Redno predstavljanje rezultatov stranki  (2) Ni panike zaradi change requestov,"(1) Stranka misli, da se lahko zmisljuje karkoli, ampak rok pa bi obdrzali enak",yes,"mogoce ne scrum, ampak sigurno eno od agilnih metodologij. Poleg scruma sem uporabljal tudi XP in vedno se je stvar obnesla dobro.",5,4,3,5,4,4,5,3,4,4,4,3,,NULL,NULL,NULL,NULL,NULL,NULL,NULL,NULL,NULL,NULL,NULL,NULL,NULL,NULL,NULL,NULL,NULL,NULL
Skram.si,2011-11-12 16:37:00,Scrum master,more than 24 months,more than 5,5,3,5,5,5,5,5,4,4,,3,5,3,3,3,4,4,5,5,5,5,5,1,,"Hitra prilagodljivost projekta glede na naročnika, saj ta sproti določa (običajno glede na trg) katere funkcionalnosti potrebuje.","Implementacija v slovenskem - balkanskem okolju je zelo otežena zarad pomanjkanja zaupanja, vsaj so stranke navajene se pogajati glede na pogodbo, ki je postavljena na začetku, ko so ocene še zelo ohlapne. Torej neprilagodljivost strankinih pravnih služb..    Kot sama metodologija pa premajhna ceremonija oz. premalo vlaganje energije v dokumentacijo.",yes,Ker prinaša največ dodane vrednosti mojemu podjetju,5,5,3,5,4,5,4,5,5,4,2,3,,NULL,NULL,NULL,NULL,NULL,NULL,NULL,NULL,NULL,NULL,NULL,NULL,NULL,NULL,NULL,NULL,NULL,NULL
Skram.si,2011-10-22 19:00:47,Scrum master,more than 24 months,1 - 2,4,4,5,5,3,4,4,4,5,"Ob predpostavki, da scrum izvajamo, tako kot je mišljeno. V primeru, da temu ni tako, se lahko gibamo po celotni lestvici levo in desno.",4,5,5,4,2,2,3,5,5,4,5,3,1,,"Odvisno za koga. Tako kot pri uporabniških zgodbah se je tudi pri tem vprašanju treba vprašati po vlogi. Če se omejim na stranko, bi rekel, da je največja prednost možnost spreminjanja specifikacij, tekom odvijanja projekta.","Skram je precej težko uvesti, saj v večini primerov ekipe niso vajene agilnih pristopov.",yes,Ker deluje! :),4,5,5,4,3,4,5,4,4,4,4,2,"Za zadnje vprašanje: product ownerji so v praksi pri nas zelo redki, če pa so že, pa niso vedno 100% posvečeni svoji vlogi.",NULL,NULL,NULL,NULL,NULL,NULL,NULL,NULL,NULL,NULL,NULL,NULL,NULL,NULL,NULL,NULL,NULL,NULL
Skram.si,2011-10-27 07:49:16,Developer,more than 24 months,3 - 5,4,5,4,5,4,3,4,4,5,,4,5,4,5,3,4,4,4,5,4,4,4,4,,V primerjavi z rigidnimi metodologijami/procesi kot so klasični water fall ali RUP je še vedno omogoča spremembe.  Iz lastnih izkušenj je glede samega procesa in metodologije razvoja malo bolj prilagodljiv kot Extreme programming.,Ni primeren za večje projekte. Starejši programerji se ga radi izogibajo oziroma skušajo izigrati dovoljena pravila.,yes,Oziroma definitivno eno od fleksibilnih metodologij,4,5,5,5,4,4,4,3,4,4,5,2,,NULL,NULL,NULL,NULL,NULL,NULL,NULL,NULL,NULL,NULL,NULL,NULL,NULL,NULL,NULL,NULL,NULL,NULL
Skram.si,2011-11-07 08:46:51,Scrum master,more than 24 months,more than 5,4,4,5,5,4,5,5,5,4,,4,5,4,5,4,4,4,5,5,5,5,4,3,"Metoda Scrum zahteva tudi ""usposobljenega"" naročnika. Delno je ta faktor zajet v točki ""Dobra komunikacija s Product Ownerjem"", vendar je treba dodatno poudariti, da mora tudi pri naročniku obstajati dober poznavalec metode, ki se zaveda vseh njenih prednosti in slabosti.",Sproten vpogled v potek dela na projektu tako s strani razvijalcev kot s strani naročnika. Možnost prilagajanja vsebine projekta spremenjenim zahtevam.,"Naročnik praviloma zahteva pogodbo s fiksno opredelitvijo vsebine projekta in njegovih stroškov. Trenutno je še premalo izkušenj s sklepanjem pogodb, ki bi vključevale agilnost.",yes,"Ker omogoča sproten vpogled v potek dela, sprotno reševanje problemov in sprotno prilagajanje zahtevam naročnika. Tudi v primeru, ko je z naročnikom sklenjena ""fiskna"" pogodba, lahko razvojna skupina interno dela po metodi Scrum.",5,4,5,5,4,4,5,5,4,4,4,2,"Uporaba uporabniških zgodb zahteva spremembo miselnosti pri razvijalcih in naročniku. Oboji se morajo zavedati pomena komunikacije, ki nadomešča ohlapen opis posameznih zahtev. Naročnik mora zagotoviti kompetentnega Product Ownerja, ki bo stalno na voljo razvojni skupini.",NULL,NULL,NULL,NULL,NULL,NULL,NULL,NULL,NULL,NULL,NULL,NULL,NULL,NULL,NULL,NULL,NULL,NULL
Skram.si,2011-10-23 16:08:06,Scrum master,13 - 24 months,1 - 2,5,4,5,5,5,5,4,5,5,,4,5,4,5,4,4,4,5,4,5,4,4,3,,sprotno prilagajanje zahtevam naročnika in spreminjajočim se okoliščinam,vsi člani projektne skupine morajo biti izkušeni in sposobni samostojnega dela,yes,ker omogoča fleksibilnost in prilagodljivost,3,4,4,4,4,5,4,5,4,4,5,3,,NULL,NULL,NULL,NULL,NULL,NULL,NULL,NULL,NULL,NULL,NULL,NULL,NULL,NULL,NULL,NULL,NULL,NULL
Skram.si,2011-10-31 20:37:44,Product owner,more than 24 months,more than 5,5,4,4,5,3,3,3,4,4,"Uporabnost rezultatov v zacetnih sprintih vcasih ni mogoca pri izdelavi novih izdelkov ali takih, kjer je izdelek sestavljen tudi iz strojne opreme (vgradna programska oprema).",4,5,4,4,3,3,3,4,3,4,3,3,4,,,,yes,Ker je zelo mocna metodologija. Navkljub enostavnim principom.,3,4,4,5,5,4,4,3,5,4,3,2,,NULL,NULL,NULL,NULL,NULL,NULL,NULL,NULL,NULL,NULL,NULL,NULL,NULL,NULL,NULL,NULL,NULL,NULL
Skram.si,2011-11-13 17:57:02,Scrum master,0 - 6 months,1 - 2,3,2,3,4,5,5,4,4,4,,5,4,4,5,4,4,4,5,5,5,4,5,5,,"Izboljšana komunikacija med člani skupine, aktivno sodelovanje, agilen pristop.",,yes,,3,3,4,4,4,3,4,5,4,4,4,3,,NULL,NULL,NULL,NULL,NULL,NULL,NULL,NULL,NULL,NULL,NULL,NULL,NULL,NULL,NULL,NULL,NULL,NULL
Skram.si,2011-10-26 13:42:25,Scrum master,0 - 6 months,1 - 2,4,3,4,5,5,4,4,5,5,,5,5,4,4,3,4,3,4,3,4,3,4,2,,"timski duh, sodelovanje z naročnikom, ne preveč in ne premanj filozofija",V primeru ko naročnik ne sodeluje ni najbolj uporabna. V času tik pred in takoj po releasu ni možno dobro planiranje zato metoda ne deluje najbolje,yes,,4,4,3,3,4,5,4,5,4,4,3,3,,NULL,NULL,NULL,NULL,NULL,NULL,NULL,NULL,NULL,NULL,NULL,NULL,NULL,NULL,NULL,NULL,NULL,NULL
Skram.si,2011-10-27 09:31:58,Scrum master,13 - 24 months,1 - 2,5,5,4,5,4,4,3,4,4,,5,4,3,5,4,2,2,5,5,5,4,4,1,,Transparentnost,Predvidevanje stroškov razvoja,yes,Razvoj programske opreme je po teoriji empiričen proces in Scrum ga kot takega tudi sprejme. Tradicionalne metode (waterfall) so še vedno primerne za definirane procese.,4,5,4,3,3,2,4,2,1,4,4,4,,NULL,NULL,NULL,NULL,NULL,NULL,NULL,NULL,NULL,NULL,NULL,NULL,NULL,NULL,NULL,NULL,NULL,NULL
Skram.si,2011-10-22 18:49:42,Scrum master,more than 24 months,3 - 5,5,5,4,4,4,4,4,4,4,,5,5,5,5,4,2,3,3,4,5,4,4,4,,"Scrum temelji na pritisku sodelavcev (peer pressure). Za sodelavca bodo člani ekipe pripravljeni narediti veliko več, kot za menedžerja.","Scrum vedno izpostavi probleme v organizaciji. Skoraj vedno pa izpostavi preveč problemov naenkrat, da bi jih bilo mogoče reševati enega za drugim.",yes,Ker je trenutno najbolj uveljavljena/uspešna metoda vodenja softverskih projektov.,3,3,5,5,5,4,5,5,4,4,2,2,,NULL,NULL,NULL,NULL,NULL,NULL,NULL,NULL,NULL,NULL,NULL,NULL,NULL,NULL,NULL,NULL,NULL,NULL
Blog,2011-11-20 10:49:08,Developer,7 - 12 months,1 - 2,4,4,2,2,3,1,2,2,4,,5,5,5,5,2,3,2,5,5,5,3,2,5,,Improved communication,"No long term planning, chaos",only on some of them,Big productivity drop because of too many hours spent in scrum meeting (20+ hours / week),4,3,5,5,4,2,2,4,4,4,5,1,,NULL,NULL,NULL,NULL,NULL,NULL,NULL,NULL,NULL,NULL,NULL,NULL,NULL,NULL,NULL,NULL,NULL,NULL
Skram.si,2011-10-27 07:48:15,Developer,more than 24 months,1 - 2,3,3,3,4,4,3,4,4,4,,3,3,3,4,3,4,3,4,4,3,4,4,3,,"Z uporabo Scrum lažje vidimo kje so možnosti izboljšav oz. kje izgubljamo energijo. Hitro lahko ugotovimo kje se nam zatika, pri kateri nalogi. In ko ugotovi ekipa le ta z veseljem prevzame nalogo in jo reši.","pogodbe s fiksno ceno, torej uveljavljen način poslovanja na trgu IT storitev.",only on some of them,Scrum je primeren samo za določene vrste projektov in samo v nezrelem okolju kot je IT panoga.,3,3,3,4,4,4,4,3,4,4,4,4,,NULL,NULL,NULL,NULL,NULL,NULL,NULL,NULL,NULL,NULL,NULL,NULL,NULL,NULL,NULL,NULL,NULL,NULL
Blog,2011-11-19 21:00:03,Developer,more than 24 months,3 - 5,3,4,2,3,4,4,4,4,3,,5,5,3,5,5,3,3,5,5,2,3,5,5,,Increases communication and helps avoid projects getting lost in unnecessary details.,"Makes it difficult to do work that is worthwhile but doesn't have an immediate, noticeable benefit.",yes,That's what my company uses throughout the organization and it mostly seems to work for us.,3,2,4,5,4,3,3,4,5,4,2,3,,NULL,NULL,NULL,NULL,NULL,NULL,NULL,NULL,NULL,NULL,NULL,NULL,NULL,NULL,NULL,NULL,NULL,NULL
Blog,2011-11-19 09:09:33,Developer,0 - 6 months,1 - 2,4,3,4,5,4,3,2,3,4,,5,5,5,5,2,3,3,5,5,5,5,5,3,,,,yes,It helped us bring order to our development and release cycle. Request do not come in last minute. Developers are more focused and product in the end is better.,3,4,5,4,4,5,4,5,4,4,3,5,,NULL,NULL,NULL,NULL,NULL,NULL,NULL,NULL,NULL,NULL,NULL,NULL,NULL,NULL,NULL,NULL,NULL,NULL
Blog,2011-11-20 10:20:45,Developer,13 - 24 months,3 - 5,4,2,4,3,4,4,5,4,4,,5,5,5,5,2,5,5,5,5,5,3,3,5,,,,yes,,4,4,4,5,5,4,4,3,4,4,3,4,,NULL,NULL,NULL,NULL,NULL,NULL,NULL,NULL,NULL,NULL,NULL,NULL,NULL,NULL,NULL,NULL,NULL,NULL
Blog,2011-11-19 00:24:10,Scrum master,7 - 12 months,1 - 2,4,4,5,5,4,3,3,3,4,,5,5,3,5,2,5,3,5,5,5,3,5,3,,Team communication and the whole retroactive loop with introspection (retrospective).,"-Sometimes lack of ""big picture""  -Misunderstanding of the process from the outside. -Half-baked processes/scrum (partial implementation/partial waterfall and other hybrids) leads to discredit of the scrum (or Agile Development Practices)",yes,"The Iterative nature of the process, the included feedback and the close, multidisciplinary team just feels right.",4,5,5,5,3,4,3,5,5,4,3,2,,NULL,NULL,NULL,NULL,NULL,NULL,NULL,NULL,NULL,NULL,NULL,NULL,NULL,NULL,NULL,NULL,NULL,NULL
Twitter,2011-11-18 23:12:41,Developer,0 - 6 months,3 - 5,4,4,5,5,5,4,4,4,4,,5,5,5,5,5,5,3,5,5,5,5,3,5,,"Daily team syncs, well defined and clarified tasks, better client relations",Poor estimations affect the whole team,yes,Because it's in our company's roots,3,4,4,3,5,4,5,5,4,4,3,3,,NULL,NULL,NULL,NULL,NULL,NULL,NULL,NULL,NULL,NULL,NULL,NULL,NULL,NULL,NULL,NULL,NULL,NULL
Blog,2011-11-20 05:38:59,Scrum master,13 - 24 months,more than 5,5,5,5,5,5,5,5,5,5,Scrum requires a lot more from the customer / product owner than waterfall,5,5,5,5,3,5,3,5,5,5,5,5,2,,"Complex projects succeed, management of change, simple to learn","It does not tolerate incompetent product owner, very difficult to master",yes,,2,4,5,5,5,5,1,5,4,4,2,2,User stories require shared cultural background for product owner and developers. If for example team is from India and product owner from Europe they don't work that well because product owner needs to clarify every detail,NULL,NULL,NULL,NULL,NULL,NULL,NULL,NULL,NULL,NULL,NULL,NULL,NULL,NULL,NULL,NULL,NULL,NULL
Blog,2011-11-21 17:52:37,Developer,7 - 12 months,3 - 5,5,5,3,4,3,4,5,4,5,,5,5,5,5,1,2,1,5,5,5,5,5,1,,emphasis on communication and ongoing deliverables vastly improves the client's understanding of their own needs. Incremental schedule means that team can quickly produce products which makes them happy.,Doesn't work well for new teams and short schedules.,yes,Results right away. Happy clients and happy developers so far.,4,5,3,5,5,5,5,4,4,4,2,1,,NULL,NULL,NULL,NULL,NULL,NULL,NULL,NULL,NULL,NULL,NULL,NULL,NULL,NULL,NULL,NULL,NULL,NULL
Scrum Practitioners,2011-11-21 13:02:17,Scrum master,more than 24 months,more than 5,5,5,4,4,3,4,3,4,3,,5,5,5,5,5,5,5,5,5,5,1,5,1,"These answers are what happens in practice and as such do not represent what the ideal should be, which is demonstrated in the sometimes limited sucess of the team involved.",Versatility and the ability to change direction quickly to meet customer needs.,Scrum makes management nervous because it hands control over to the development teams and does not have all the reports and checkpoints management likes to see,yes,I am a Professional Scrum Master and will not move backwards into a PM role.,4,3,4,5,4,3,5,1,3,4,1,3,,NULL,NULL,NULL,NULL,NULL,NULL,NULL,NULL,NULL,NULL,NULL,NULL,NULL,NULL,NULL,NULL,NULL,NULL
Skram.si,2011-10-25 19:31:09,Product owner,13 - 24 months,1 - 2,3,4,5,5,4,4,3,4,4,,4,2,4,5,4,3,3,5,4,5,5,3,4,,Transparentnost dela razvojne ekipe ter boljši izkoristek dela znotraj sprintov.,/,yes,"Ker menim, da gre za odlično metodologijo pri razvoju IT produktov.",5,5,5,4,4,4,4,5,4,5,2,4,,NULL,NULL,NULL,NULL,NULL,NULL,NULL,NULL,NULL,NULL,NULL,NULL,NULL,NULL,NULL,NULL,NULL,NULL
Skram.si,2011-10-27 06:35:31,Scrum master,7 - 12 months,3 - 5,5,5,5,5,5,5,5,5,5,,4,4,5,5,4,4,3,5,5,5,4,5,1,,Obvladovanje obsega dela in možnost prilagajanja vsebine implementacije,Je še nisem našel,yes,"Zaradi hitrega razvoja tehnologije se je z metodo SCRUM lažje prilagoditi spremembam, predvsem na več letnih visokotehnoloških projektih",5,5,5,5,5,5,4,2,1,5,1,1,,NULL,NULL,NULL,NULL,NULL,NULL,NULL,NULL,NULL,NULL,NULL,NULL,NULL,NULL,NULL,NULL,NULL,NULL
Twitter,2011-11-19 13:37:39,Scrum master,more than 24 months,more than 5,5,5,3,4,5,3,4,4,4,,2,5,5,5,5,5,3,5,5,5,5,5,2,,Frequent deliveries of functional software.,Requires active involvement of the business.,yes,It works!,2,4,5,5,4,5,2,2,4,5,3,2,,NULL,NULL,NULL,NULL,NULL,NULL,NULL,NULL,NULL,NULL,NULL,NULL,NULL,NULL,NULL,NULL,NULL,NULL
Blog,2011-11-21 12:22:58,Scrum master,more than 24 months,more than 5,4,4,5,4,4,4,4,4,5,,5,5,5,5,5,5,5,5,5,5,5,5,5,,Visability and accountability,Takes a while for people to get used to it. Looks simple but applying can be complicated.,yes,"If implemented properly Scrum, together with Agile is extremely powerful.",5,5,4,3,1,5,4,3,4,5,5,4,"Not only user stories but the testing/acceptance criteria are important. We use the 'Given [starting conditions], when [event], then [result] to make sure the testing scenarios are covered.",NULL,NULL,NULL,NULL,NULL,NULL,NULL,NULL,NULL,NULL,NULL,NULL,NULL,NULL,NULL,NULL,NULL,NULL
Scrum development mailing list,2011-11-28 04:35:40,Scrum master,more than 24 months,3 - 5,4,5,3,5,4,4,4,4,3,,5,5,5,5,5,5,5,5,5,3,5,5,3,,Visible progress,Confusing for sales people.,yes,Better likelyhood of success.,4,4,5,5,2,5,4,4,5,5,2,3,,NULL,NULL,NULL,NULL,NULL,NULL,NULL,NULL,NULL,NULL,NULL,NULL,NULL,NULL,NULL,NULL,NULL,NULL
Blog,2011-11-19 12:19:06,Developer,more than 24 months,more than 5,5,4,4,5,3,4,4,3,3,,5,5,5,5,2,2,3,3,2,2,3,3,5,,,,yes,,4,5,4,4,2,4,2,3,4,5,2,2,,NULL,NULL,NULL,NULL,NULL,NULL,NULL,NULL,NULL,NULL,NULL,NULL,NULL,NULL,NULL,NULL,NULL,NULL
Skram.si,2011-10-21 19:22:03,Product owner,0 - 6 months,1 - 2,4,4,5,5,4,5,5,5,4,,3,4,4,4,4,4,3,5,4,4,5,4,2,,,,yes,,2,3,3,NULL,NULL,NULL,NULL,NULL,NULL,NULL,NULL,NULL,,NULL,NULL,NULL,NULL,NULL,NULL,NULL,NULL,NULL,NULL,NULL,NULL,NULL,NULL,NULL,NULL,NULL,NULL
Twitter,2011-11-18 23:23:11,Developer,0 - 6 months,1 - 2,5,5,5,5,5,4,4,4,5,,5,5,5,5,5,5,3,5,5,5,5,5,5,,breaking down project into small chunks  flexibility,,only on some of them,Very good for larger projects & teams. But will probably implement some aspects into smaller teams/projects,NULL,NULL,NULL,NULL,NULL,NULL,NULL,NULL,NULL,NULL,NULL,NULL,,NULL,NULL,NULL,NULL,NULL,NULL,NULL,NULL,NULL,NULL,NULL,NULL,NULL,NULL,NULL,NULL,NULL,NULL
Skram.si,2011-10-21 19:37:08,Scrum master,I have not used it yet,0,3,3,3,3,3,3,3,3,3,,4,4,4,4,4,4,4,4,4,4,4,4,4,,,,only on some of them,,NULL,NULL,NULL,NULL,NULL,NULL,NULL,NULL,NULL,NULL,NULL,NULL,,NULL,NULL,NULL,NULL,NULL,NULL,NULL,NULL,NULL,NULL,NULL,NULL,NULL,NULL,NULL,NULL,NULL,NULL
Blog,2011-11-19 06:06:26,Other,I have not used it yet,0,3,3,3,3,3,3,3,3,3,,3,3,3,3,3,3,3,3,3,3,3,3,3,,,,yes,,NULL,NULL,NULL,NULL,NULL,NULL,NULL,NULL,NULL,NULL,NULL,NULL,,NULL,NULL,NULL,NULL,NULL,NULL,NULL,NULL,NULL,NULL,NULL,NULL,NULL,NULL,NULL,NULL,NULL,NULL
Blog,2011-11-29 10:35:06,Product owner,13 - 24 months,3 - 5,4,4,3,2,2,2,4,4,3,,3,5,2,5,2,3,3,5,5,3,3,1,3,,Focus on communication,The teams can end up being to shielded from the organization and loose track of the over all goals,yes,But with modifications,NULL,NULL,NULL,NULL,NULL,NULL,NULL,NULL,NULL,NULL,NULL,NULL,,NULL,NULL,NULL,NULL,NULL,NULL,NULL,NULL,NULL,NULL,NULL,NULL,NULL,NULL,NULL,NULL,NULL,NULL
Twitter,2011-11-19 09:00:29,Product owner,0 - 6 months,1 - 2,4,4,5,4,4,5,4,5,4,,3,5,3,5,5,3,5,5,5,5,5,5,5,,,,yes,,NULL,NULL,NULL,NULL,NULL,NULL,NULL,NULL,NULL,NULL,NULL,NULL,,NULL,NULL,NULL,NULL,NULL,NULL,NULL,NULL,NULL,NULL,NULL,NULL,NULL,NULL,NULL,NULL,NULL,NULL
Twitter,2011-11-20 21:01:33,Developer,0 - 6 months,1 - 2,5,4,4,5,5,5,4,4,4,,3,5,5,5,5,5,5,5,5,5,5,5,5,,"project overview, continuous progress, team communicaton",stress,yes,look #6,NULL,NULL,NULL,NULL,NULL,NULL,NULL,NULL,NULL,NULL,NULL,NULL,,NULL,NULL,NULL,NULL,NULL,NULL,NULL,NULL,NULL,NULL,NULL,NULL,NULL,NULL,NULL,NULL,NULL,NULL
Blog,2011-11-20 16:06:39,Scrum master,7 - 12 months,1 - 2,4,4,2,4,4,3,2,4,4,,5,5,5,3,5,2,2,5,1,2,5,5,3,,"Break-down of complex tasks into small, management tasks. Appropriate allocation of tasks to team members. Summary of work across different products/areas of a product/teams","Requires some level of training. Requires every team member to update their tasks, pay attention, get involved, whether busy or not",yes,Advantages far outway disadvantages. Haven't come experienced a better method so far,NULL,NULL,NULL,NULL,NULL,NULL,NULL,NULL,NULL,NULL,NULL,NULL,,NULL,NULL,NULL,NULL,NULL,NULL,NULL,NULL,NULL,NULL,NULL,NULL,NULL,NULL,NULL,NULL,NULL,NULL
Blog,2011-11-20 06:59:10,Developer,7 - 12 months,1 - 2,4,4,4,5,5,4,4,3,3,Unsure whether you're asking about scrum in theory or scrum in current practice with our team...,5,5,5,5,2,5,5,5,5,5,5,5,3,,Communication,Hard to get right.,yes,,NULL,NULL,NULL,NULL,NULL,NULL,NULL,NULL,NULL,NULL,NULL,NULL,,NULL,NULL,NULL,NULL,NULL,NULL,NULL,NULL,NULL,NULL,NULL,NULL,NULL,NULL,NULL,NULL,NULL,NULL
Blog,2011-11-20 09:28:00,Scrum master,more than 24 months,3 - 5,4,4,1,4,3,5,5,5,4,It is not visible in scrum if certain task can't be made before a deadline. It only tells you if there is enought ressources. For instance if you have a 3 week sprint and two user stories that are 1) dependent on each other 2) takes 2 weeks each (total) 3) can't be made by more than one person. In that case you will not be able to deliver on time. That doesn't show up in your planning unless you look for it.,5,2,3,5,5,5,2,5,5,3,2,5,5,,Problems surface early,It is good for development. Not maintanance. It is not suited for changing priorities during a sprint.,yes,Because I am not allowed to use Kanban (yet :-)),3,4,2,4,1,3,2,3,1,4,2,4,,NULL,NULL,NULL,NULL,NULL,NULL,NULL,NULL,NULL,NULL,NULL,NULL,NULL,NULL,NULL,NULL,NULL,NULL
Blog,2011-12-14 06:52:06,Scrum master,more than 24 months,more than 5,5,5,5,5,5,5,5,5,5,,5,5,3,5,3,5,5,5,3,3,5,5,5,,Good visiblity AFTER establishing the scrum,Initial estimation to the stake holders,yes,more effective.,NULL,NULL,NULL,NULL,NULL,NULL,NULL,NULL,NULL,NULL,NULL,NULL,,NULL,NULL,NULL,NULL,NULL,NULL,NULL,NULL,NULL,NULL,NULL,NULL,NULL,NULL,NULL,NULL,NULL,NULL
Skram.si,2011-10-21 06:02:51,Product owner,more than 24 months,3 - 5,5,4,5,4,4,5,5,5,4,,4,5,4,5,4,3,4,5,5,5,5,4,4,,,,NULL,,NULL,NULL,NULL,NULL,NULL,NULL,NULL,NULL,NULL,NULL,NULL,NULL,,NULL,NULL,NULL,NULL,NULL,NULL,NULL,NULL,NULL,NULL,NULL,NULL,NULL,NULL,NULL,NULL,NULL,NULL
